"rank","account","markets","incentivePoints","updatedAt","pnl","roi"
1,"dydx1kg8cq523dcezcz35h0w8z723dewlx6qzlcns00","[""PRIME"",""PENDLE"",""PEOPLE"",""MAVIA""]",31.483199999999997,1724659428084,1208.5943399999996,4.715400321824651
2,"dydx1eygux3h7e66sh927fk8rmjmw6ljlydcr024ff2","[""BONK"",""ALT"",""BODEN"",""ETHFI"",""AURORA"",""POPCAT"",""PRIME"",""ZERO"",""DRIFT"",""MOG"",""PAXG"",""PENDLE"",""WLD"",""RENDER"",""DYDX""]",555.766032,1724659428034,5792.748021,4.2902892810829405
3,"dydx170hrkq7q54tf49nf9r6wyv7lnz9y4ze38vje3r","[""PEPE""]",481.8170666666666,1724659427910,9370.921798,3.113785195177499
4,"dydx16c7r09z3sr5mhkl5stjx3euzx7hnu9sw7gaymx","[""PEOPLE"",""MAVIA"",""ZRO""]",14.850666666666665,1724659427881,774.2135579999995,2.806506109633605
5,"dydx1edsgmjmyme227gj820p2nfvggfgvkppssgnqnw","[""MAVIA"",""ETH""]",10.005333333333333,1724659427997,823.6543440000023,2.690080291345091
6,"dydx1vre9t50c8d3uunz9grclgju5uvaxukumy367ur","[""ETH"",""DOGE""]",28.76016,1724659428185,990.932966,2.610433580937722
7,"dydx1j62md0m665adhqxkcsnm8s9ag0xfre9q0egvyt","[""PENDLE"",""1INCH"",""MAVIA"",""BTC""]",503.51626666666664,1724659428018,7451.636576000001,2.4809676284003217
8,"dydx1r326sv0ywgedrz27slcm43r60kckl7v05ch3yf","[""ETH""]",52.14593866666666,1724659428125,1732.808671,2.3099544090360284
9,"dydx13rf45zema787j07jatn5nferhyejf9lnnv2v6z","[""ETH"",""SOL""]",55.40895733333333,1724659427861,879.278825,2.3046607506429115
10,"dydx1ejgxvtwrtfa3keft0qrcnuah8xlylymddl8g0c","[""PENDLE"",""ETH""]",15.194666666666667,1724659428034,2406.3436900000015,2.112591610246763
11,"dydx1y79arxmvmms6my37h026rv3uwde68m8qhfm8eg","[""1INCH"",""PEOPLE"",""BTC""]",270.98464533333333,1724659428202,6050.820903,2.012857849547652
12,"dydx1xjgvcu9xng3qufs2pnhcc4cc6w6v77qnzhqg08","[""ADA""]",0.07272533333333332,1724659428223,151.3578370000032,1.8792156953404557
13,"dydx1t5sj55k7m0l9dnjepejvluugsm27kkwpsu9rry","[""PEOPLE"",""PENDLE""]",36.377599999999994,1724659428178,1827.7151200000008,1.8626691952476326
14,"dydx1hcsgnmdpsquu3zcqmff448kcf4knvp32en3epl","[""RUNE"",""BTC"",""CRV"",""SOL"",""DOGE"",""DYDX""]",399.16703999999993,1724659428043,9350.579037000003,1.7979943363785975
15,"dydx1wkhgh09enn0a66u2sptf2zfv47lrg89x9m63aj","[""ETH""]",116.4144,1724659428207,8203.036941,1.7915920460273356
16,"dydx1h0ku0sj9z7w0rn47c692e0074x4suysu89w5wj","[""PENDLE"",""ETH""]",10.7136,1724659428043,719.756785000005,1.7907773296629161
17,"dydx1e7hkcyyskgdgcc4j4pk06j99ylcfj0y8mf5s83","[""ETH"",""ATOM""]",165.75573333333332,1724659427997,5200.736059,1.7215575549175601
18,"dydx1pv584quyqk5p5s48sh6zd3ygnzretaf5rsp6ew","[""ETH"",""BTC""]",45.55466666666666,1724659428099,5121.800235999999,1.7024842536867006
19,"dydx1qsjfy4mw2gm6sr8j00jqka0kjkszr0dqy96ngl","[""XLM"",""ETH""]",7.995861333333333,1724659428125,238.4191359999968,1.6973705490590514
20,"dydx1ndxvlg5z3n5jcqws8gjm8rsf3vdnsm2x442jjy","[""BTC"",""ETH""]",195.448,1724659428070,5062.592192999997,1.685412823268543
21,"dydx1nc4qr9vu60wn54wmw7m8fhk69x7z6frdpg8dgm","[""ETH"",""APT""]",94.50442666666666,1724659428070,4987.833313999996,1.634449666577869
22,"dydx12yncj9hpmszns375gdm590z2gztk9zqyj8kyqz","[""1INCH"",""PENDLE""]",41.304959999999994,1724659427871,1956.545532,1.5798360073752247
23,"dydx126u9tdhxpujyv3v05y7e6pas9euc6jlyv502ee","[""PEPE""]",280.8650666666666,1724659428212,4721.345609999997,1.572044039244405
24,"dydx1ddjpgq2rvjjpepng88tv3vz4jlr63y9uy53s5u","[""1INCH"",""PENDLE"",""BTC""]",190.06719999999999,1724659427982,5127.537275999999,1.5286466552552056
25,"dydx1t03dee2k7hm7sg9cdspgk9qs43jdhzndeq0fj3","[""MOTHER""]",0,1724659428178,14946.853921000002,1.3753423723067595
26,"dydx17l6ppwfufsw59vj5w3rd0spuesd45q8ysqwsks","[""ETH""]",0.6428159999999999,1724659427927,1357.758791,1.2622617673209033
27,"dydx1qntqcl2puumw6wd9h5eyte2kmcmtq9gzf4z9nu","[""BTC"",""ETH"",""MATIC"",""SOL"",""AVAX""]",120.83325133333331,1724659428125,2119.032066,1.0840989258134799
28,"dydx1rtsjvtndzftflrtuhz6mhvvuycp9l8pa9dy2su","[""BTC"",""ETH"",""SOL""]",0,1724659428159,3668.226091,0.8360798699417609
29,"dydx1x2yvkh3r2qpzqm33sxqvjddh9y7tcyf76dcle8","[""BTC"",""ETH"",""SOL""]",2759.0422024,1724659428207,41294.87672900001,0.8259075769223733
30,"dydx1px0fjzmmp63clfxtzrk4u2f5thxptrayxtksj9","[""BTC"",""ETH"",""SOL""]",0,1724659428099,5996.828949999999,0.7829047309145035
31,"dydx10fg56n65e7tj4yagyvs37lphetlsapxnw8jgwf","[""LINK"",""SOL""]",0,1724659428216,3101.513383,0.7617887920603852
32,"dydx1v97wws0s5v89jkt7zd02vxd5ksqpyk5numm4lz","[""ETH"",""ZK""]",0,1724659428185,871.205947,0.7262133379092242
33,"dydx13ety2gz6hlyfhfcrs8mejscxgp5m6w5e3g7432","[""BTC""]",0,1724659427830,4360.305706,0.7112092131220891
34,"dydx1h94cgh6qqrzlpq8v23nagy0gm79n3ugeyemrv0","[""ETH"",""LINK"",""SOL"",""AVAX"",""DOT"",""BCH""]",248.63979706666663,1724659428043,1633.0480150000003,0.6721631599753378
35,"dydx1ukx3a4ue59m8u6v0qwg7mg57wf0tzew5xmjfm5","[""ETH"",""SHIB""]",0,1724659428173,775.5071660000001,0.5767204282242059
36,"dydx1f55qua9984ww8aksnhg3vfz29fs29tzrpf9w9m","[""ETH"",""SOL""]",13.777226666666666,1724659428034,316.31055299999997,0.5473831057902087
37,"dydx1yk4hhg85jtye9tqxr50n3ya5w5ps65hdn8g7sk","[""ETH"",""BTC"",""SOL""]",30.478096,1724659428230,5702.8202710000005,0.49504542744024177
38,"dydx1vzd7t9f96e65cwtsrc5cfn9ns57msd42y647hu","[""BTC""]",0,1724659428192,1167.056979,0.4766100849295347
39,"dydx1fgr5wrqkn08ntwz9n8n8s4p7qcv5mudmzume3x","[""PENDLE"",""ETH""]",10.7136,1724659428013,190.6229549999989,0.4760610593312177
40,"dydx160xvk9hsl0w000uqzu4unwagxrn90dts0ec806","[""BTC"",""ETH"",""SOL""]",0,1724659427848,89811.15423799999,0.45707565530720873
41,"dydx122dtyqe94pedvawtfkmwfq5kez0m2ls2h6gwaq","[""BTC""]",100.71773333333333,1724659428212,2501.166048,0.44955472168664995
42,"dydx1ezufqzm9n03pqngjhnw874z70x5revuwy03fcy","[""ETH""]",15.182933333333331,1724659428034,1301.2246919999998,0.4427703124651922
43,"dydx1kmljrzpehu2c8t2muckxk9n2w3ng6jpahaujnd","[""ETH""]",3218.7001432,1724659428114,4516.80115,0.44136133300501373
44,"dydx13nnk0p8rft0nwzqcwj65qggfu65lylkcrmvtul","[""BTC"",""ETH""]",0,1724659427830,4778.836328,0.4136702533446184
45,"dydx10p0u2zff8cwhzsn7lh7qyd7y6atkksphzzcf7h","[""ETH"",""LINK"",""SOL"",""FIL"",""DOGE"",""BCH""]",1011.8924017333333,1724659428216,2399.820355,0.4073939612308409
46,"dydx16pnwmxhdl8csk62d8hvmq3hz6thpxp7y3andy9","[""ETH""]",0,1724659427881,1045.411799,0.40100146549920374
47,"dydx1kkfu5dgcdsmgwms8sj4h22573s8l3prey2z9d7","[""ETH"",""BTC"",""SOL""]",26.66024533333333,1724659428084,2383.2128749999993,0.37410606788629475
48,"dydx18rm648f07dnspkwgfwwt0g48e7xt8zmnxc8t8d","[""BTC""]",0,1724659427957,1129.444716,0.37371877943524806
49,"dydx13myru5xzzy2cxy25nwzum4d860n8yedaalpms5","[""RUNE"",""BTC"",""ETH"",""SOL""]",5416.569504533333,1724659427830,41214.047713,0.37109835697904103
50,"dydx1y84nhp2ycaalddfv454c40ry0hevqhz39aayus","[""ETH"",""SOL"",""SEI"",""WIF""]",0,1724659428202,1672.7022210000002,0.36886073512806505
51,"dydx1q5gylw0e3ujn25hf827qw74seeuef9gq3tv9rz","[""RUNE"",""LINK"",""MATIC"",""SOL"",""UNI"",""TRX"",""NEAR"",""MKR"",""XRP"",""JUP"",""DYDX"",""TON"",""ETH""]",19.488918666666663,1724659428099,471.419295,0.3421900079735283
52,"dydx1t227r0ke9syw8dgue9xs466k0l4z0tqrye6ywh","[""BTC"",""ETH"",""MATIC"",""SOL"",""AVAX""]",4.580879866666666,1724659428178,87.784571,0.3331677562901457
53,"dydx1h5nk4xefrmlk36puug0dl65u7t0ad6m73ttvmu","[""ETH""]",0,1724659428043,337.220405,0.32610531596922315
54,"dydx1uktr3yqtjky04ddkdsdvgsnefa5v0a2dapgz9g","[""ETHFI"",""NOT"",""BTC"",""ETH"",""SOL"",""AVAX"",""FIL"",""DOGE"",""UNI"",""BNB"",""DYDX"",""TON"",""WLD"",""PYTH""]",220.21799733333333,1724659428173,2051.198611,0.3211298577127839
55,"dydx1jkchl2pv37lcpke4u0r0h38jpfa7exy6d5wtte","[""ETH"",""AAVE"",""SOL"",""DOGE""]",174.86144,1724659428119,1569.789757999999,0.3136323339945411
56,"dydx174yemf3ur55gn7qh5s64phql4u7plqre3muukq","[""FTM"",""LINK"",""MATIC"",""ADA"",""FIL"",""DOGE"",""BONK"",""HBAR""]",5.317546666666666,1724659427910,519.934946,0.312722286942884
57,"dydx1fmkgnzx9f3mpvxtmg69hyj0tpymnkjjm0xj8m6","[""BTC""]",0,1724659428013,1129.06124,0.30722472718213784
58,"dydx1gd22gr0k5w6atd698ujfnrxjn9480wj2pfy0ud","[""ETH"",""BTC"",""SOL""]",33.32530666666666,1724659428005,4868.173639,0.3061293846947279
59,"dydx1vld7pvnxgtmrwyuu96m4t33nj8drstl8rxc3dz","[""BTC""]",0,1724659428185,788.784023,0.3049679907650111
60,"dydx1jdzfksrwwq7luvl5g6qg5jv26jcq23x70q2zxs","[""BTC"",""ETH"",""MATIC"",""SOL"",""AVAX""]",10.401448533333332,1724659428119,88.336288,0.2968847622107206
61,"dydx17rn2sdy5qt35m67wujgajzqy5el44nvw3p49s8","[""SOL"",""DYDX"",""BTC"",""ETH""]",27.82067333333333,1724659427927,3762.155392,0.28650315461221215
62,"dydx1p8tssep8lmj2td3hm3ryrlgqc8xc78uk0wf4ca","[""ETH"",""BTC"",""SOL""]",6.212096,1724659428144,731.1977000000002,0.28132146200070357
63,"dydx14996t4kpnh4gfnn82lkjfku7rujcd6zpnn8yk6","[""BTC"",""ETH"",""SOL"",""PEPE"",""POPCAT""]",0,1724659427861,924.098324,0.27257316503810697
64,"dydx1ywn2ywkpa5aw0qj953ncremy9fgjwkt93xxfjz","[""BTC"",""SOL"",""AVAX""]",42.87970906666666,1724659428230,798.0465840000006,0.2716667013214396
65,"dydx1c73jsy7lfjxvzk9uuw2mm46g0rj4jtxd7au6wg","[""BTC"",""ETH"",""SOL"",""DOGE"",""PEPE""]",306.2973333333333,1724659427970,4405.632302999999,0.2356323560870611
66,"dydx1glqcuk8s9qlsvwjzpt72wpmkkuz2p3gm042akf","[""BTC""]",384.5711999999999,1724659428005,1880.1241200000004,0.2334681348955394
67,"dydx1pkwtgc8ftsqzpruxsyumlltrycva2pjy2h53h8","[""DOGE""]",57.89582399999999,1724659428144,1010.481049,0.23293455749035968
68,"dydx1yfscdf8d086rpad5cv6c3fn5w4yrmnl74r0uaz","[""ETH"",""AAVE""]",57.199999999999996,1724659428202,824.9918030000001,0.23084788918610996
69,"dydx1jjywcdmhj3v63luk7hf43l4z25p7ht0ud5p9dq","[""BTC"",""ETH"",""MATIC"",""SOL"",""AVAX""]",2.9752815999999997,1724659428119,61.901137000000006,0.2307279390542039
70,"dydx17n9776tl2cr5hjhnvaryyggg6cxax9fr7q74ju","[""FTM"",""BTC"",""ETH"",""MATIC"",""SOL"",""DOGE""]",846.4125050666665,1724659427927,784.0484419999998,0.2197937854472497
71,"dydx1pxedpswll3hjr0ul0037ahpgzgzyhyh47kr4ts","[""ETH"",""SOL""]",0,1724659428099,157.592758,0.21172261413731244
72,"dydx1g8le2vxntrn8nagjd5d8t2yygektntf4awdszn","[""BTC"",""ETH"",""MATIC"",""SOL"",""AVAX""]",5.632698266666666,1724659428005,60.248874,0.20844906235039715
73,"dydx1zuszzq6rva93lg5n8dlkpsf3qqpnpx0u54gm5z","[""BTC""]",4.53,1724659428235,312.692167,0.20747526755393864
74,"dydx1zvz7m2uprgnd9yhm62aykcs85u2du8ukvtps4k","[""FTM"",""CRV"",""NEAR"",""AAVE"",""LINK"",""OP""]",33.15602666666667,1724659428235,379.08763,0.2027042002325132
75,"dydx1mt0twcfmdxtk640tpk03c9vrldxyp6xz6srvah","[""BEAM"",""NEAR"",""STX"",""BTC"",""SOL"",""ICP""]",24.051568,1724659428070,3006.3318189999995,0.20255252929909834
76,"dydx1yv753vz6jd6pm0s4num2tv0f5d778jpt58aqwu","[""LDO""]",0,1724659428230,292.58891200000005,0.19815772983077637
77,"dydx1cpxptsdxy3zdl762z9sz6j9ydvnmlpl3azjs4s","[""BTC"",""SOL""]",966.6666666666666,1724659427970,1891.710333,0.1973681865953461
78,"dydx14nd5yn880lklmlm3tgdkmsfwj4gw0z2clkkeer","[""BTC"",""ETH""]",0,1724659427899,1481.6590609999998,0.180888086871135
79,"dydx1mmemuk2vqd5khzt24v8mvaut04fmcsm2k4njnp","[""ONDO"",""MATIC"",""PEPE""]",247.88375199999996,1724659428109,2524.016201999999,0.17913013595477842
80,"dydx1lmv5qkwzfe4xtr4nh46fvxlrv67mc7t4dyzcda","[""STRK"",""ETH"",""SOL"",""RENDER"",""STX""]",176.0554513333333,1724659428058,2571.4588870000002,0.17678114795568095
81,"dydx1hs3mq30nrsnlhpf3kcqh5rsw9j4lrjstttsph3","[""BTC""]",7.08,1724659428018,182.970325,0.17639588933156164
82,"dydx1cln2g2yzqkejduxrnx5h85g090fk8ymrq84wtg","[""SOL"",""BTC""]",0.9453333333333332,1724659427970,28.672109999999975,0.17455187682027468
83,"dydx122ztk3t7xrsa4ug5ehmyekad27uefnnx7dvep6","[""BTC"",""SOL""]",24.072906666666665,1724659428212,519.203145,0.16973120433175992
84,"dydx1383r7vgwasek0ha5prym7nunmsc2kacd9av52e","[""BTC""]",0,1724659427830,251.067265,0.16905785265227183
85,"dydx1a46ewq62gej60887huks8ctdnmg92q87yj4l8f","[""BTC"",""CRV"",""ETH"",""SOL""]",273.77461066666666,1724659427945,7764.669714,0.16863417550642376
86,"dydx1nxvslcrrq4e9uksar693ayd5s4kcfafdshrj0g","[""DOGE""]",0,1724659428092,154.30043799999999,0.165885864117284
87,"dydx19muc2m0pe2g7pfrzy8m0dtwad0uxvutkv32s27","[""FTM"",""BTC"",""TON""]",140.61037066666665,1724659427891,544.1280220000001,0.16247286046091858
88,"dydx1xcd7e8gpxswhwvdrfgnwh6mssxld4d6kxp70my","[""MOTHER"",""SOL"",""PEPE"",""SUI""]",120.45406933333332,1724659428223,1658.4369929999998,0.16241231389237956
89,"dydx1l45yx58klf5us35fn2kepf47n5wwntnj0wlcvp","[""ETH""]",495.7944624,1724659428114,633.0027389999999,0.16163005482595405
90,"dydx1pm4ywxl40zkhyzlmtj68ur95hppll724fgjfc9","[""BTC"",""ETH""]",109.72266666666667,1724659428144,345.529878,0.16139390382682645
91,"dydx1nzhlx0vkv60cm4splvrfhjg89jz9lnhe86fn3n","[""BTC"",""ETH"",""SOL""]",0,1724659428092,46.075468,0.15923308567745412
92,"dydx1s3cdjgncpraad3w57wlj8ffysx6tptcv3vg9gr","[""BTC"",""DOT"",""TON"",""SOL""]",20.93813333333333,1724659428134,425.88123499999995,0.1577366156282637
93,"dydx18yy9xpd6m2gwnrgpuhxq88xrkzk3ktjk64c756","[""BTC""]",258.1472,1724659427891,6268.739970999999,0.1571136186584739
94,"dydx1c8um36xny605he3lf0wyq6xfgv67hut2gdx4vf","[""ZRO"",""ETH"",""DOGE""]",2.9020106666666665,1724659427970,57.43278000000001,0.1545184232871405
95,"dydx1u62k26sskz2fajvj40gmvs7c5lhlw6rskcu2ym","[""BTC""]",5.649685333333333,1724659428173,41.52160699999996,0.13763595607347412
96,"dydx1s9akm28484khyla5h0tqy72ww6pqk6syvq0pf3","[""SOL""]",0,1724659428134,547.5831760000001,0.1371992830673227
97,"dydx122th6cfll8593vq36x0625xs386ve6g6qapgu3","[""BTC"",""ETH"",""MATIC"",""SOL"",""AVAX""]",3.0877159999999995,1724659428212,36.808248000000006,0.13422137635027992
98,"dydx14h7juk9k3n9xcp9wqe7c66uz2hrzdwx4pnn8h3","[""BTC""]",21.89224,1724659427899,79.33977,0.13333593866305862
99,"dydx1hxv8ryv5cfh5wcwsdjplv4ty7vfl7txyjj2926","[""MATIC"",""SOL"",""WLD"",""SEI"",""XRP"",""TON""]",0,1724659428018,5535.410694,0.1300311884197039
100,"dydx1zzzg2d4ha6amy3amgyy9r8sqch7h4cwxz5fl9h","[""BTC"",""ETH"",""PEPE""]",5.476472266666666,1724659428235,1024.447131,0.12846277138233647
101,"dydx1hs4gkgp656dcfmwhvx4r87e2vhf4ul3v9p3cq9","[""BTC""]",0,1724659428018,9242.900048,0.126445238013943
102,"dydx10j947n4equ47wf4s9390av6lgnepyh3xl79frm","[""BTC""]",1.5321197333333332,1724659428216,385.623685,0.12399902871635556
103,"dydx135kp8y0xcsw6suep3rnr4wfz32q9ajem9wapu0","[""ETH""]",0,1724659427830,420.3281830000001,0.12074789902925515
104,"dydx1kt6ly3vxwlxyuu9ffsznm3vuxt0tu07y3xruhw","[""BTC""]",661.3333333333333,1724659428114,8106.615335999999,0.12051760074735705
105,"dydx1m8c3a66psxj9tth585p0nuqxk6ect90vaqjzwc","[""KAS"",""TRX"",""RENDER"",""STX"",""WIF"",""ETH"",""SOL"",""PEPE"",""AXL""]",7.992639999999999,1724659428109,80.16382899999999,0.11925137568248441
106,"dydx1p2tdj08jk6lxvhtpjjxvlcnxs4sevpqshj9yxq","[""BTC"",""WIF"",""DOGE""]",326.5517493333333,1724659428092,962.6176979999996,0.11403418038526748
107,"dydx12ypya9886f0n8e08df0x2qqjhza8eprnpumflm","[""XRP""]",0,1724659427871,46.63441000000057,0.11146149286058074
108,"dydx1mj62yrucg2shmt4elzed7cheqspgsfz5qfxph0","[""SOL"",""RENDER""]",0,1724659428109,8145.9085350000005,0.09943844571222957
109,"dydx1stq9ts8qcxeszpqhj3nkgycurmczuk39dlxdy6","[""BTC""]",49.86666666666667,1724659428178,536.1119959999996,0.0945075199940353
110,"dydx17hck4cy2ytcme7vzkwyq823ztkckqjypdfemkd","[""BTC"",""APT""]",50.90133333333333,1724659427927,1362.342556,0.09339437598331042
111,"dydx1ju4yj5nltvmvcvwvwdztzrx8vpf5gkja3mh0e7","[""BONK"",""SOL"",""ATOM"",""BTC""]",285.12963199999996,1724659428119,2457.346547,0.09154866385986568
112,"dydx1frah73lnmvs7a5pg5zqg5al9gqvzmzaal4x9fg","[""BTC"",""ETH""]",0,1724659428013,466.0017230000001,0.08981099437277748
113,"dydx12qdklxqhwxde039vehmcc8ff4kkjemynhzwsvr","[""BTC"",""ETH"",""NEAR""]",6.624,1724659427871,366.929868,0.08865762143077652
114,"dydx1hscg0hvgjt29er473wpv0feu6n57xkkv0nw7zh","[""ETH"",""RENDER"",""BTC"",""SOL""]",159.697952,1724659428018,1304.991826,0.08510652429237688
115,"dydx1qy2qakxyqymgufmrj4npy8uxt26qwuq6q7kuer","[""ETH"",""TON"",""BTC"",""SOL"",""MKR""]",92.156736,1724659428125,11263.637055000001,0.0841923735971438
116,"dydx18ztywzemte5la5ytuvtc2wdmf2wr2jp9fyc468","[""ETH"",""SOL""]",0,1724659427891,407.9873780000007,0.08297456160060653
117,"dydx1mz2l5p83q6mr5h903k44xqjvwhesssgs80fenq","[""BTC"",""ETH"",""SOL"",""JUP""]",0,1724659428070,576.8560809999999,0.0785615851300831
118,"dydx1squ2wfcsysec2x0xk374jaqqt6gf3w9tn73dmf","[""ETH"",""LINK""]",3.1257599999999996,1724659428178,546.4554200000002,0.07795668192571305
119,"dydx1jq26dv2pg0fpjjh2rn3l36mdqj07rg8exk7nc4","[""BTC"",""MATIC"",""SOL"",""AVAX"",""ETH""]",11.552748133333331,1724659428119,150.557414,0.0763823799925801
120,"dydx1t4t8ckkc36sd4vz0nxerzl2wdpw20gghectq5y","[""BTC"",""SOL""]",0,1724659428178,258.600065,0.06627825617490227
121,"dydx1j2zquat9mxv0f237hr739g7gtcej47qdvwtutu","[""ONDO"",""IMX"",""BLUR"",""HBAR"",""PENDLE"",""FTM"",""TIA"",""LINK"",""AVAX"",""NEAR"",""APT"",""ARB"",""LDO"",""OP"",""JUP"",""BNB"",""JTO"",""PYTH"",""RENDER"",""DYDX"",""WIF"",""TON"",""BTC"",""ETH"",""SOL"",""LTC"",""ATOM"",""DOT"",""AEVO""]",15.613278666666664,1724659428018,878.3843160000001,0.06600028223243472
122,"dydx1h46mn0pwv5fn56yq73gwxjrxj2tz7m022yzmz0","[""BTC""]",26.399706666666663,1724659428043,329.783503,0.06457426865894866
123,"dydx163ujtpq7vplnzw9xxdjk544jkg86utgvcwa5cl","[""SOL""]",0,1724659427881,458.6934299999998,0.06243892085755546
124,"dydx1k02rsdtjem2sdx58nzrll34kc9jrxsmfjycazx","[""AVAX""]",503.1951833333333,1724659428084,2732.181518,0.05940560206670972
125,"dydx1rclq9zlyswjujuuyyqnrh7cq2xx3kma35jqgn6","[""ETH""]",0,1724659428159,89.21186499999999,0.055191120714936606
126,"dydx1ll9xvfgg24c48q0h5lhgzjmef8dtkhz0cjlwem","[""BTC"",""ETH"",""LINK"",""MATIC"",""SOL"",""AVAX"",""ATOM"",""DOT"",""NEAR"",""AAVE"",""BNB""]",0.08486666666666666,1724659428058,21.404053000000005,0.054529610740914704
127,"dydx14cgxn5s8mslj9mcptwesmp8e5uqv7ds5glc34y","[""ETH"",""LINK"",""SOL"",""AVAX"",""BNB"",""INJ""]",0,1724659427861,301.608099,0.05232507322883423
128,"dydx1w7cetdnrdfhh5jysze79z05h0y00zsqwzf4ymn","[""BTC"",""ETH""]",257.1618133333333,1724659428192,5561.718371999999,0.050106542541656494
129,"dydx1yz0w0u207n5y80xkplsjd8u7xpdvawz60w3elj","[""ETH"",""BTC""]",7.165333333333333,1724659428230,123.1329109999997,0.04906364985080581
130,"dydx1xh9xylaqjlxcu0e0zgyxzhseadt4eg4ky0wnss","[""SHIB"",""SOL"",""DOGE"",""NEAR"",""ETH"",""PEPE"",""DYDX""]",188.44525333333334,1724659428223,1303.322627,0.04716621520484035
131,"dydx10flfnq5kl20q8hluzwz5km4dh565kr67jnejdz","[""ETH"",""SOL"",""FIL"",""BCH"",""NEAR"",""MKR"",""WLD"",""PEPE"",""SEI"",""SUI"",""TIA"",""AAVE"",""BNB"",""JTO"",""ORDI"",""WOO"",""BONK"",""RENDER"",""STX"",""INJ"",""IMX"",""ALGO"",""GRT"",""RUNE"",""AXL"",""AEVO"",""ASTR"",""SNX"",""ARKM"",""DYDX"",""WIF"",""ETHFI"",""TON"",""W"",""ZRO"",""ZK"",""ENS"",""FLOKI"",""FTM"",""BLAST"",""1INCH"",""PENDLE"",""PEOPLE""]",0,1724659428216,192.60966899999994,0.04363206816553787
132,"dydx1yp2x5fufxhqt723qqgy70s2gwurqlezx80gm0p","[""ETH""]",867.1999999999999,1724659428230,4112.504909,0.039036299078829814
133,"dydx127ucxgnwng2gfyjnkpyur7pw9j4tl6fzw80vzq","[""ETH""]",122.57529519999999,1724659428212,1059.374947,0.03779989344666671
134,"dydx1xrycpl5lv9djr6d2qjkl5elyjm5gk2vh384ldj","[""BTC""]",0,1724659428223,17.502456000000002,0.03520010786213003
135,"dydx1y8gs8fn3su975h0jtuldz0wtu5s72nxflqksjs","[""DOT""]",0.316,1724659428202,22.617980999999986,0.03410688516576842
136,"dydx19qyqahna8kn0slvcv8t2frtz2qukhzl62uzu49","[""BTC"",""ETH"",""MATIC"",""SOL"",""AVAX""]",29.266699999999997,1724659427945,109.09503100000006,0.032994013213128504
137,"dydx12q82zw4fgna5kegd33mhyealzl6vylz9785cgl","[""BTC"",""ETH"",""LINK"",""MATIC"",""CRV"",""SOL"",""ADA"",""AVAX"",""FIL"",""LTC"",""DOGE"",""ATOM"",""DOT"",""UNI"",""BCH"",""TRX"",""NEAR"",""MKR"",""XLM"",""ETC"",""COMP"",""WLD"",""APE"",""APT"",""ARB"",""BLUR"",""LDO"",""OP"",""PEPE"",""SEI"",""SHIB"",""SUI"",""XRP"",""TIA"",""JUP"",""AAVE"",""BNB"",""JTO"",""ORDI"",""EOS"",""ICP"",""DYM"",""STRK"",""WOO"",""PYTH"",""BONK"",""STX"",""INJ"",""IMX"",""ALGO"",""GRT"",""MANA"",""RUNE"",""AXL"",""SNX"",""DYDX"",""CHZ"",""WIF"",""ENS"",""PENDLE""]",0,1724659427871,98.24137300000001,0.02815289709664689
138,"dydx100pguwtgyk77lt3d6xjpt06l7dsgxnergp76pe","[""BTC""]",33.54693333333333,1724659428216,1854.8046470000008,0.027640869480536286
139,"dydx1rdwhhcjgnmf4w4gvmgkcyymsx5eghdsmep6k4s","[""MOG"",""BTC"",""ETH"",""SOL"",""SEI"",""BNB"",""DYDX"",""TON""]",1638.9031706666667,1724659428159,53.37159399999973,0.0269211285160426
140,"dydx1y6ghxfjqtm9nyju6w8rw4k8pu807v8aae0lsa5","[""ETH"",""BTC""]",4.140133333333333,1724659428202,81.76536399999998,0.026425261043783923
141,"dydx1mpht9ym6lcl63l8xtyzk8fwhs5lsw0dqh4qshu","[""ETH""]",12.239466666666667,1724659428070,138.5754199999999,0.025492427272124082
142,"dydx1vstyyprk2xtrfe8ealw3wrqt9rgfs9rx9ztfvp","[""SOL"",""TON""]",0,1724659428192,156.83861199999956,0.018365564829264457
143,"dydx16xcmdzquns2px2609unc7ep0js99erxzjrd9dp","[""BTC""]",55.6594704,1724659427910,32.27392099999997,0.01826245798485591
144,"dydx1202g7fuppvazhdnujft96r2ev6580vkuq64hcr","[""ETH""]",2.5275616,1724659428212,0.8443789999982982,0.01750414277430229
145,"dydx1335ut6cu6cvkkh9hmvh8uq45ceq5tj7vg4ul8k","[""BTC"",""MATIC"",""AVAX"",""DOGE"",""WLD"",""RENDER"",""KAS""]",0,1724659427830,252.92321200000004,0.01713150330765717
146,"dydx16m6yd0m6sht46ey6g4j20ltjz54x79fhvnvhfg","[""ETH""]",0.5285519999999999,1724659427881,7.657371,0.016116583412140176
147,"dydx13alwxzgfy0dtasjcqj7jmf0k09f4mdhszr3jej","[""BTC""]",0,1724659427830,118.46244799999988,0.01131648361034976
148,"dydx1yw2yve6vm4h5tfkn0rknzc7t0nh0her3fej2c4","[""PEPE"",""ORDI"",""ETH""]",35.263466666666666,1724659428230,29.727002999999968,0.008370591396828159
149,"dydx1049d2f9p84j5z744v85h9xj42k4dmezd92047n","[""ETH""]",0.4028293333333333,1724659428216,16.004277000000002,0.0067752654566266115
150,"dydx17vlzz2u30c0e0a6cc0rhaxq3r7a0k4gmdrekh8","[""ETH"",""NEAR"",""XRP"",""RENDER"",""INJ""]",344.22287439999997,1724659427927,343.953022,0.006766327840556956
151,"dydx1h97jp8r3sssrnfkv8drn0y0azajdkg82axjx7l","[""ETH"",""AVAX"",""DOGE"",""SOL""]",5.048249599999999,1724659428043,18.361673999999994,0.005455590879620018
152,"dydx1xux4lk3w6q6u50rgs29gcwjludt0zlc9u5g3kc","[""BTC""]",184.28722,1724659428223,19.903332999999975,0.0033478664008774867
153,"dydx13fvx3ykxzwd6s7yvu9262wd2xpjq7vmw47tz3j","[""BTC""]",10.637901066666666,1724659427830,7.909220000000005,0.0010594113274596181
154,"dydx12yxr4nct7c4euaxq8lzrgtc8e0jqhxquscm0ds","[""ETH""]",0,1724659427871,1.803815,0.0005651885698068922
155,"dydx143kfdldwa5xssjwxc3yls07qz509mdglwetzmh","[""MAVIA"",""ETH""]",29.01757333333333,1724659427861,-15.293720000001485,-0.0001361828626558274
156,"dydx18agpfr4tp3kvk5smdrce7h6h7n4tstcv8qwwcr","[""ETH""]",0,1724659427957,-12.812956999999642,-0.000917043495552648
157,"dydx1xpfqt56l9x36zucau5hm0yld6v3kmd825pn9hg","[""ETH""]",0,1724659428223,-1.4517000000000735,-0.001458986440903505
158,"dydx1fhe2ntx6ejk8n38nava5w39xtz7vexn3vqk6vg","[""BTC""]",649.8607471999999,1724659428013,-17.115962999999965,-0.001708549876634952
159,"dydx1ljh03fgnlqqnsp9rwh0xunh2qd86cqak2nvdgc","[""BTC""]",0,1724659428058,-7.130130999999892,-0.0019042029174628295
160,"dydx1j6auetnzh0mnpuq9vsut2hpkx4rea20a5l7703","[""ETH""]",0,1724659428119,-11.413409000000001,-0.003028958519078737
161,"dydx1jztemaeclunyqyj5wn6hhsch5zvakdnwd3splh","[""ETH""]",0,1724659428084,-4.599461000000019,-0.0031904181337182795
162,"dydx1mfk34re5ytqd9tqxyek3g0zu6qv5nrfwzt3vzp","[""ETH""]",0,1724659428109,-28.82154300000002,-0.004291640620306807
163,"dydx1ez99mkmhrwqv894mf3fskraf76d30dvn757kdc","[""STRK"",""CRV"",""AVAX"",""UNI"",""SUI"",""STX"",""LINK"",""MATIC"",""SOL"",""ADA"",""FIL"",""LTC"",""DOGE"",""ATOM"",""DOT"",""BCH"",""TRX"",""NEAR"",""ETC"",""ARB"",""OP"",""PEPE"",""SHIB"",""XRP"",""TIA"",""ICP"",""DYDX""]",3.3390146666666665,1724659428034,-3.9864610000000056,-0.006382078549796735
164,"dydx17tur474y36z4cms8u4gpc9ez7j77e2h24v66vv","[""BTC"",""ETH"",""DOGE""]",995.3078082666665,1724659427927,-61.840532999999596,-0.006582145843946313
165,"dydx1wa74f3cv63r2d9grw9h0jwq4cjv7zy6gy9aqdw","[""ETH""]",581.3353335999999,1724659428192,-1004.2873030000192,-0.008893222417416333
166,"dydx1hv72e4zgxwl87u3pzaa09ztd5m5jez5d47r2zd","[""APE"",""BTC"",""DOGE"",""ARB""]",13.057045333333333,1724659428018,-5.1500520000000005,-0.008955601654972216
167,"dydx1ctd3g6373xjnawwja9qpqrcqvek3zpx26apgxk","[""ETH""]",0,1724659427970,-56.521008000000165,-0.010251733960771243
168,"dydx17mhe3helu68gudczr67nxgvavey32qqd6pceem","[""ETH""]",18.0596,1724659427927,-39.23279000000002,-0.011076590137159486
169,"dydx10px4f7cqe33pr9a5cc2s97rnzlr869uxj2mzwx","[""MKR""]",13.639999999999999,1724659428212,-249.0103280000003,-0.01277610420069034
170,"dydx1xxmyyewsx3n6wmgdeq22uk8dseezep35477s27","[""RENDER""]",3.816533333333333,1724659428202,-243.27006699999993,-0.015656218589494852
171,"dydx1zhua4unxvlsd5xap2353dfqs3w27sua48pstrm","[""BTC""]",0,1724659428235,-33.091961999999995,-0.01668675411208873
172,"dydx1ur2zn8a3zpv89c8q9nare3js4arg2mzap7uprh","[""ETH""]",0,1724659428173,-74.09533199999998,-0.017322736254016056
173,"dydx1dz7xsnhvcnpjwddlwwlpp3fund4r5ursljkf22","[""PEPE""]",57.51743999999999,1724659427997,-1816.1047310000067,-0.017631273903676463
174,"dydx1wgnl9pmxpx7qmqhlmnffp8z2t4gda6pta89zhr","[""NEAR"",""OP"",""TIA"",""SNX""]",0,1724659428192,-75.58180499999992,-0.02087509640774771
175,"dydx1wf7p8srhaw6qdgnkmfam8k9mcrzv649t69mhrq","[""BTC"",""ETH""]",0,1724659428192,-29.206926,-0.02139656600970376
176,"dydx1z5mm7lts44sfd7v34p2nudnsgsgchs0ken63mw","[""CRV"",""PEPE"",""TON"",""UNI""]",4.147925333333333,1724659428230,-22.289561999999933,-0.022460765094070235
177,"dydx1qlq3mu98ss0mw25t8qr9ylvhktk6xltfaqe0u2","[""AKT""]",1.3722666666666667,1724659428125,-52.282444999999825,-0.022975179189425855
178,"dydx17gkhr4x3y9uk0ajferuq65ewnpnxnfdaqck3hl","[""BTC""]",0,1724659427910,-83.03407600000003,-0.025009631872570503
179,"dydx14knq6taja4ukhju643rf99qak878e4z5vnhkyr","[""ETH""]",24.31573813333333,1724659427899,-18.923545999999998,-0.030230222018575302
180,"dydx1g6tk7a97ecf2jgvqhck9kr039evgx4cs7chjw0","[""TIA"",""CRV"",""DOT"",""NEAR"",""COMP"",""OP"",""ETH"",""LINK"",""MATIC"",""SOL"",""ADA"",""AVAX"",""FIL"",""LTC"",""DOGE"",""UNI"",""BCH"",""TRX"",""MKR"",""XLM"",""ETC"",""APE"",""APT"",""ARB"",""BLUR"",""LDO"",""SHIB"",""SUI"",""XRP"",""JUP"",""ICP"",""BONK"",""GRT"",""SNX""]",2.0830826666666664,1724659428005,-17.701788999999998,-0.03074020989443918
181,"dydx12tdmp7xvm648x6y0d9e4lcluhxyrnngyyhy90r","[""BTC"",""ETH""]",719.6913226666666,1724659427871,-115.66543200000001,-0.030855811338020064
182,"dydx1kdxz94fnm04yy7ptmxp2m5atu4lyjmualp0tg3","[""PEPE"",""STX""]",0,1724659428084,-164.20938699999988,-0.031854785478988304
183,"dydx1pu76xg2swuu9md38qd9qrhdmzfvqnw595pc6sp","[""TON""]",0,1724659428099,-156.17199600000004,-0.032439766059378504
184,"dydx1s7mu66hx9kn3hwns70n8slgh2fsr55245ym3h8","[""BTC""]",5.803765333333333,1724659428134,-206.14467599999998,-0.03562808858591409
185,"dydx1dnyyqape2y8vcg8y4d2fj66h4fg4f2qnv2yfsw","[""ETH""]",0,1724659427982,-27.032489999999996,-0.038862592525117375
186,"dydx1cgyx8mcw4uqcvfqnyzy8dlh4mu9arh7jufw5kn","[""ARB"",""TON""]",78.66666666666666,1724659427970,-263.37546299999985,-0.03993099466253735
187,"dydx19gtnm6u4crh3sm3nv75h5xf5aa6zd8k6rsxtcc","[""ETH""]",0,1724659427891,-26.440399999999954,-0.04039839975191962
188,"dydx1atp9pmy2043jshpn86aw4053vt57jduqef22v4","[""XRP""]",0,1724659427990,-848.8841989999999,-0.04333105902207632
189,"dydx19dctxa9t64zst9wk0z7n4a09r2whnughfs4d5q","[""AEVO""]",0.1088,1724659427891,-11.362788,-0.044449330932573514
190,"dydx1k78ewfkjl4gtz64lqy8wnn4uf4h0e5l0r92c30","[""BTC""]",0,1724659428084,-122.88554500000004,-0.04992813665126852
191,"dydx1k5nedsuhqqg3tnvw62a3g0azdfydn0mjsqecm3","[""BTC"",""MATIC"",""MKR"",""ICP"",""ETH"",""LDO""]",50.09049093333333,1724659428084,-78.51432899999998,-0.049946175768728916
192,"dydx176jgyfh48zc4d6k263x4lk54p8u6rkc30zeh5j","[""BTC""]",102.48036373333332,1724659427910,-850.7582689999999,-0.05215520725700884
193,"dydx1a6daeav3gq2n4dg5aq2vksk7qfa2tklxppjmmt","[""UNI"",""APT""]",0,1724659427945,-45.79532399999994,-0.0524988975137564
194,"dydx1d0p2u5k8x243zdkr69tt7cn9mzswdlgnfed4nz","[""SOL""]",0,1724659427982,-14.924465999999999,-0.05377075574995497
195,"dydx1zmqh6y5gglxjh0t9dwpw5dsw66yryqg49gmdmp","[""ETH"",""AAVE""]",0,1724659428235,-33.714146,-0.056200373638016166
196,"dydx1ne0lyqqe8gjr2u53w6ha8mkyj2qv02gznsv6zm","[""BTC""]",2.647893333333333,1724659428070,-28.26901199999999,-0.05674800615024546
197,"dydx19f53tl5jcdqh3qkh5fu6zh0u6k5mf5nf8phxnk","[""OM"",""BTC"",""ETH"",""LINK"",""MATIC"",""CRV"",""SOL"",""ADA"",""AVAX"",""FIL"",""LTC"",""DOGE"",""ATOM"",""DOT"",""UNI"",""BCH"",""TRX"",""NEAR"",""MKR"",""ETC"",""COMP"",""WLD"",""APT"",""ARB"",""LDO"",""OP"",""SEI"",""SUI"",""XRP"",""JUP"",""AAVE"",""BNB"",""JTO"",""ORDI"",""ICP"",""DYM"",""WOO"",""PYTH"",""RENDER"",""STX"",""INJ"",""WIF"",""TON""]",162.0249897333333,1724659427891,-491.785266,-0.0583813199602533
198,"dydx1hwurtk89twhn2qugjlwzwevext43pmefyvdhus","[""NEAR""]",0,1724659428018,-19.67991600000005,-0.05873444319262495
199,"dydx12tz9j9h32sc85gfj0y2k98vcdfdd5ushpsgh8w","[""BTC"",""ETH"",""BCH""]",1544.9824530666665,1724659427871,-2651.591573,-0.05884288385712533
200,"dydx1kah0cz8wtmqzkx79vk9rth76rk2qdy68zazxnh","[""TON""]",68.39298666666666,1724659428084,-353.93572200000017,-0.06560499000855013
201,"dydx16q75xfags4nv8z5wupsg8avf00r7uthzt4ya54","[""BTC"",""ETH"",""SOL"",""DOGE"",""XRP""]",0,1724659427881,-618.302592,-0.06587468981139094
202,"dydx1hzlyfamhygnjl6q0m6m5ggs29jcf3pd09lap97","[""BTC"",""ETH"",""BOME""]",1.2999333333333332,1724659428018,-47.557681,-0.06976567559486707
203,"dydx1kca9sh84lmsmwrlv2syjum9wuw30rqfytnz669","[""BTC"",""ETH"",""SOL""]",0,1724659428084,-924.0791140000001,-0.07506018281932107
204,"dydx10px2vgurt5l3rjylevyk4ylg3hp3zt7exruwru","[""ETH""]",7.733333333333333,1724659428212,-149.79943799999998,-0.08161439492682755
205,"dydx1349e37sk940tccfe0ht6jtngtv6ad8gjps5yfv","[""TIA"",""BTC"",""ETH"",""LINK"",""CRV"",""SOL"",""AVAX"",""DOGE"",""ATOM"",""BCH"",""NEAR"",""WLD"",""SUI"",""XRP"",""JUP"",""WIF""]",22297.751411999998,1724659427830,-1171.8220979999996,-0.08252458068021828
206,"dydx19gttndmz8fu55he7xrhcdmjymrxnx6xn9msf54","[""ETH"",""LINK"",""MATIC"",""SOL"",""LTC"",""DOGE"",""ARB"",""LDO"",""AAVE"",""RENDER"",""IMX"",""MANA"",""SNX"",""ETHFI"",""ENS""]",0,1724659427891,-510.706627,-0.08540915177619879
207,"dydx198aknrj9xkcqhq7clqsrhwaxqk4ycsjsgd64te","[""BTC""]",11.786666666666667,1724659427891,-68.89426099999997,-0.08708477641920948
208,"dydx1drm63fduak04jnqjvlk7yxrkmf66r673wu5trd","[""BTC"",""ETH"",""SOL"",""WLD"",""DYDX""]",5546.9916488,1724659427997,-6421.346583999926,-0.0888843681351611
209,"dydx1lk33y5s2pa573j58vlqhcxkz3hyu0pkys56xl8","[""AAVE""]",0,1724659428058,-625.2581960000002,-0.09481381056265852
210,"dydx15cly6z7dj2ffatqy22a2fzjfxlt9t9kmfn9wha","[""BTC"",""ETH"",""SOL""]",106.48666666666666,1724659427848,-1466.891968,-0.09608514341750474
211,"dydx1lkf9n3n7fjhazkeauveedm4dthew5kc7mh9rsq","[""SOL""]",0,1724659428058,-540.1682249999999,-0.1013710733919545
212,"dydx1u86esq7z7gd4ln5efzy2qhkyk9l5jkxueqw2an","[""SOL""]",0,1724659428173,-404.73809600000004,-0.1019668340461356
213,"dydx18qfzhvd4fdagkv384acgmxggxqrz2djusxlmna","[""BTC""]",30.5936256,1724659427957,-217.408933,-0.10297930315255963
214,"dydx13ew6ugpzk66z2a9vtmpn8sv0eql3zsw043kdvy","[""BTC"",""LINK""]",0,1724659427830,-231.3895309999998,-0.10383755778753094
215,"dydx1uyq66cn5quxz6xrmjmvuayclh98g45wdsvc0ld","[""BTC"",""ETH""]",0,1724659428185,-235.68381799999997,-0.1053780290329401
216,"dydx1tt60k8eqflrvmrhv27a4gcn94jh935flgfyzfu","[""ETH"",""PEPE"",""BTC"",""SOL""]",22.610084533333332,1724659428167,-138.482394,-0.10639886862217988
217,"dydx18ktyrgdx7y5s3sff46lprydly00qqu8pur6e8m","[""BONK""]",0,1724659427957,-187.7521210000001,-0.10680144317649529
218,"dydx1seuyfh3lwkvep4nyljeze83n7js9he86supa7d","[""ETH""]",37.72535466666667,1724659428134,-483.3209109999999,-0.10691705448925275
219,"dydx1nzygva7v69vulusgwqra26jk6nzxf36mtnggpp","[""BTC"",""SOL""]",803.4869359999999,1724659428092,-1466.000393000002,-0.10752388949348832
220,"dydx1wl59hsr5jvwg59xk2q9ketusf0tdatq2tx404e","[""SOL""]",0,1724659428207,-64.82039300000001,-0.11135910399187122
221,"dydx1rwdjuhewq69ykp5yr2lvgm9vk7gqsspusmqtmf","[""BTC"",""SOL"",""NEAR""]",0,1724659428159,-449.793329,-0.11251546769797738
222,"dydx1zpfkr37j5px45svp9lfzhl0r38s7jfmcmey69k","[""BTC"",""ETH"",""MATIC"",""SOL"",""AVAX""]",70.65177013333333,1724659428235,-210.368984,-0.11538054164258006
223,"dydx1k9qrl336jx9s5zdffd7etcuulzlr06rc9gsjwn","[""SOL"",""AVAX""]",4.742333333333333,1724659428084,-548.8256650000001,-0.11613082985232287
224,"dydx1pff8gq3mjj20jh3xnshhug2w69xx2whzhnpkaf","[""OP""]",0,1724659428144,-436.72065299999997,-0.11683358786673426
225,"dydx1d5rqcp9jjmv69dwzjy33jedl46zct4s674hqk9","[""SHIB"",""PEPE""]",720.2613333333333,1724659427982,-418.14994599999955,-0.12204117734297949
226,"dydx1uat8447q933c5jg5pn5p8gq9xqn2mx7p3vdu6f","[""ETH"",""ATOM""]",5.029333333333333,1724659428173,-185.55015400000002,-0.13348173727766297
227,"dydx19mcllud6aes3yf9pqkc8jlc7nw5x56tq956jkp","[""ETH"",""TON""]",14.003186666666666,1724659427891,-272.292726,-0.13536557611671132
228,"dydx1055h9lj5aptvspapfc0vm7hxfajafcvz097spf","[""SHIB"",""ETH""]",22.9504,1724659428216,-482.81766100000004,-0.1376038830951703
229,"dydx18xpm93zcsmln3dnkzsyjz9at647xdxhs5r7gzn","[""BTC"",""ETH"",""LINK"",""MATIC"",""CRV"",""SOL"",""ADA"",""AVAX"",""FIL"",""LTC"",""DOGE"",""ATOM"",""DOT"",""UNI"",""BCH"",""TRX"",""NEAR"",""MKR"",""XLM"",""ETC"",""COMP"",""WLD"",""APE"",""APT"",""ARB"",""BLUR"",""LDO"",""OP"",""PEPE"",""SEI"",""SHIB"",""SUI"",""XRP"",""TIA"",""JUP"",""AAVE"",""BNB"",""JTO"",""ORDI"",""EOS"",""ICP"",""DYM"",""STRK"",""WOO"",""PYTH"",""BONK"",""RENDER"",""STX"",""INJ"",""IMX"",""HBAR"",""ALGO"",""GRT"",""MANA"",""RUNE"",""AXL"",""AEVO"",""ASTR"",""SNX"",""ARKM"",""DYDX"",""CHZ"",""WIF"",""ETHFI"",""TON"",""W"",""ZRO"",""ZK"",""ENS"",""FLOKI"",""FTM"",""1INCH"",""PENDLE"",""PEOPLE""]",0,1724659427891,-10032.875818,-0.1388102243580866
230,"dydx10pq3p7jtzltfmafx5y3q3t9p0e58mgszvujhr6","[""ETH"",""ATOM""]",0,1724659428212,-717.986169,-0.14153093653113738
231,"dydx15qae56ngcxefswe6l45s0nhaze23d56gh7uad9","[""SOL"",""BTC"",""JUP""]",0.7691233333333333,1724659427848,-1065.8320039999999,-0.14477456558444135
232,"dydx179fhetca6t5k2zfh7tf0xr9aarqak0qm8kvfhg","[""BCH""]",1209.8940266666666,1724659427910,-1409.354691,-0.14532706129307926
233,"dydx1a9su9v534z55f682hhghthxjaranp0s7j83d3l","[""BTC"",""ETH"",""SOL"",""NEAR""]",0,1724659427945,-2641.397504,-0.1457064161080278
234,"dydx167jaffm6dz0zsvjj94wq5ecjn3r2kjttqu0uj3","[""PEPE"",""BTC""]",133.95466666666667,1724659427881,-442.72635200000013,-0.1472581238410853
235,"dydx1q8ruvxauc05d0dzr9ggynyuepeuxc46sv4f03n","[""SOL"",""MKR"",""WIF""]",0,1724659428099,-617.187909,-0.14840676120420584
236,"dydx145uf335gzak46vwdmrxjx9da0jewksae8rd55w","[""BTC"",""XRP"",""AAVE"",""SOL"",""AVAX"",""WLD"",""INJ""]",18.204917333333334,1724659427861,-1822.37406,-0.15073403706636
237,"dydx19s4rnfkeydv9pveqvkva7mpcplxnwhw2fmjerf","[""BTC""]",0,1724659427945,-1117.5990220000003,-0.1507744718097735
238,"dydx1wfks24n7v9ts6927q3mqgr0ylmnk6wdzxvxlpa","[""BTC""]",0,1724659428192,-609.8809700000002,-0.15154001261714956
239,"dydx1zl4jelsqut9gjy3qzj72f9ay4tmm9yfn9glmgu","[""BTC""]",0,1724659428235,-2277.5813049999997,-0.15273017547277143
240,"dydx108mnfnazuz0djytjnwag0cysartg4n0d0l20ej","[""AVAX""]",17.216,1724659428216,-920.8807929999994,-0.15957230711150808
241,"dydx1048ng59f8qge357205aydz634pj59qkwzcuzmj","[""BTC"",""ETH""]",0,1724659428216,-336.41560100000015,-0.16423191611925003
242,"dydx14wd802wvz22fem7l9h8cle78lahglh3rgchz7e","[""BTC""]",0,1724659427899,-1004.886684,-0.16730250399378502
243,"dydx12dnj6z8us9rz56zeq624dpfh9r4stgwels55ld","[""BTC""]",670.9395199999999,1724659427871,-6266.398367,-0.17210501142591786
244,"dydx1v8kvmdl26lgx8uu09ryuj02rs807fwwmsjfte6","[""BTC"",""ETH"",""PEPE""]",0,1724659428185,-1532.7050660000004,-0.1883259402257204
245,"dydx1827f0qruegmruh27ur3j4dkygnv74atcfxhk6u","[""BTC"",""SOL"",""ETH"",""WLD""]",30.146666666666665,1724659427927,-259.35785799999985,-0.19109713223847435
246,"dydx12p3t9mmtqyfclu4rpgh3yms4cfu44v97wa9q2h","[""ETH""]",0,1724659427871,-451.93955600000004,-0.1914648362688289
247,"dydx15gxq5l7xgr82x0lvfrj60akd5zmznvuv9uh85l","[""SUI"",""BNB"",""WIF"",""TON"",""PEPE""]",305.9525333333333,1724659427848,-1291.8764859999992,-0.19570752189113338
248,"dydx18l2eqh5a2mlekkppkzxa6n8y8g6qaaq33zgcfy","[""DOGE""]",2.5479679999999996,1724659427957,-1442.8149819999999,-0.19578915778224326
249,"dydx1wsl4t7lya0y0gv8llctu59q74efqglvdq2s850","[""BTC"",""DYDX""]",1985.1992168,1724659428207,-1146.979393,-0.1962471856238547
250,"dydx1np4wxw6q86ak8y9wwxgnm8edtq55ysw0xxmlph","[""BTC"",""ETH"",""DOT""]",6.6056149333333325,1724659428092,-658.63608,-0.20240760658999843
251,"dydx1nqgdx4vawnaxckjd9m6vjnnnyyy32dsmh74uf6","[""BTC"",""ETH""]",25927.468113866667,1724659428092,-31503.33236500004,-0.20827757103246444
252,"dydx1eua4jjn08uxrwz65l58trwxna64acem5jftxv7","[""ETH""]",6.16,1724659428034,-321.613273,-0.21854527772110605
253,"dydx1w9k8un3s74w4ycauyqxpp5qr89jnpsg052ed36","[""ETH""]",0,1724659428192,-1771.484929,-0.22222721711186258
254,"dydx103lu9fc0ayk5kac0ulg65hxwwct8n23py8n0a3","[""DOGE""]",0,1724659428216,-387.94491800000014,-0.2222534626884261
255,"dydx1kjrxs2ughuyp9argf7gmy7dngu6mv4eftwgrkg","[""TON"",""BTC""]",184.62453333333332,1724659428084,-2956.0206789999975,-0.2281835976785524
256,"dydx12wu7nwd9zeujdjrfaur5ld4s9mjwvkkgu3gzt8","[""ETH"",""SOL""]",0,1724659427871,-5432.773154999999,-0.22849974630455613
257,"dydx1qz2lc90vhas6evnh6qs8r820wt5rm5s5sy7vrk","[""BTC"",""ETH"",""SOL"",""ATOM"",""NEAR"",""PEPE"",""JUP"",""INJ"",""RUNE"",""WIF""]",0,1724659428125,-767.04261,-0.23257776676407532
258,"dydx10mqny0nmhhfvnazufzud09vrfpha8umdc8a7kl","[""ETH"",""BTC""]",7.163626666666666,1724659428216,-1693.3243009999999,-0.23365669375252043
259,"dydx1sjt7l2fmx6uvhk39xdty3n4gxvax5ms80rwqef","[""SOL""]",184.52915,1724659428134,-236.765732,-0.2441251278603531
260,"dydx1ry33lvqeaxp2m0k4dqyd2tvdg7epe0rp2jxkqe","[""PENDLE"",""ETH""]",55.831466666666664,1724659428159,-324.06781200000114,-0.246073788629264
261,"dydx1v9a6epzccwgzr00c72xcl7825smgjlmcmswtpj","[""OP""]",0,1724659428185,-1204.0092949999998,-0.2490327222826404
262,"dydx1wtx2hjdaamae29lgvpsgrw8s9frt2g2r7e2vlt","[""ETH""]",0,1724659428207,-1674.0219459999998,-0.2503483915978069
263,"dydx12376y8f2s526wz7a99wq2mmaap2v8nfavaqwqx","[""LINK""]",11.026048,1724659428212,-1903.872035,-0.2615393012531302
264,"dydx1n9cask8dwedqwuxvlfx2ljanv33vw9py0z0vj5","[""PEPE""]",41.230933333333326,1724659428070,-1078.345037,-0.2638141111659379
265,"dydx1t8glnyy2jkvwgpwhkvklzq4gl92rdneeprj78z","[""ETH""]",0,1724659428178,-1923.785254,-0.27653519963773154
266,"dydx1cu3pnccs2x2egudlw59fpt835wwdkhy6h2e6l2","[""TON""]",7.068879999999999,1724659427970,-1340.853838,-0.27937197349288384
267,"dydx1ldw8cxeu4c5jguw3jzj8c3geckkywupajhj0hk","[""SHIB"",""ETH""]",103.51693866666666,1724659428058,-1768.3112660000043,-0.28777714744519817
268,"dydx1u72tzv59taz8na2c0shswjes5hq27k7tfh2e2w","[""BTC"",""ETH"",""SOL""]",0,1724659428173,-1450.4908000000014,-0.29019828676664544
269,"dydx1nh8drzn62zxkrzkkp53zufetq065t2jlvj9rvw","[""BTC"",""SOL""]",3.8423038666666662,1724659428092,-156.196122,-0.2952321905916948
270,"dydx15udtnhlmfkvkr6v2pzrt0849df7pskun5nt6qe","[""LINK""]",30.1376,1724659427848,-2045.867802,-0.29786647085451334
271,"dydx10p8vfqezp29kpttgagmurmdqnv97ws0j74l7w7","[""BTC"",""ETH"",""SOL""]",19.673599999999997,1724659428216,-3083.4235519999966,-0.29916962799313496
272,"dydx1y3anwsga7d3mu3lytf36mql4vvy3e844qq43e5","[""SHIB"",""INJ"",""TON"",""ETH"",""NEAR"",""ETC"",""PEPE"",""XRP""]",6.0824,1724659428202,-4125.8597709999995,-0.3032000097107843
273,"dydx1yfurvcw5l7fc3l298xurxaejwgypx3276hzp44","[""ETH""]",0,1724659428202,-1834.7984989999968,-0.3040752075653067
274,"dydx1mass8f50qrlmq6zuhpv76659c3n2flu0nztvcg","[""SOL""]",0,1724659428109,-2222.234641,-0.31084853885190816
275,"dydx1jheeg045tagfaggr4w7kh54spza8kamstur8ac","[""IMX"",""BTC"",""ETH"",""SOL"",""WLD"",""JUP"",""NEAR""]",34.52239013333333,1724659428119,-1872.4151429999997,-0.31387517110928165
276,"dydx1ukm4wzxek0z4s5plru54nu7ql4t4rctd9acecr","[""DOGE"",""WLD"",""BTC"",""ETH"",""SOL"",""SUI"",""XRP""]",170.38656,1724659428173,-1949.9071940000013,-0.31397174006039774
277,"dydx16vrn7ggn7m8ke008t78xy3xtcvvqp0fxqkyp45","[""SHIB"",""ETH"",""OP""]",97.77152,1724659427910,-1501.0823169999999,-0.33274759402007353
278,"dydx1mxtv7zcdwtftraq6l8twpk2fhnk4l6e6d7a32w","[""TIA"",""BODEN"",""ETH"",""SOL"",""AVAX"",""BCH"",""LDO"",""OP"",""XRP"",""AAVE"",""ORDI""]",2061.518577733333,1724659428070,-1893.8303229999995,-0.33716482920996216
279,"dydx1n65xg24e4v2un4tg6h8z085fv9msgkvjs7kjzs","[""MAVIA"",""ETH"",""BTC""]",228.37282399999998,1724659428070,-1563.6436440000034,-0.3415558052779076
280,"dydx159xt55dvxlghfdpce4jzqwxrv4y3pwluz64cg5","[""ETH""]",0,1724659427848,-8982.865524,-0.3441245035183226
281,"dydx1rf8d3kcgqhhhswt8y8k7ut0sj9wcvwlevhax5w","[""PEPE"",""BTC"",""SOL"",""BONK""]",2.7349119999999996,1724659428159,-796.463428,-0.34766983535063734
282,"dydx148hwp6wqj9q7tcmucmjmw0jvlu4n6m456dmyvc","[""ETH""]",0,1724659427861,-2916.881993,-0.3495663760227872
283,"dydx1580l439urc2fm2503a2ewp5uu4ddh75nhhcq83","[""ETH""]",48.36113066666666,1724659427848,-1622.4473949999992,-0.3501188583086601
284,"dydx146aerc425pzl5c2j6esfvkc44ypv4e2lr4kck7","[""NEAR"",""MKR"",""SEI"",""RENDER""]",259.2095253333333,1724659427861,-3157.7496210000027,-0.35465899494233666
285,"dydx19hm9el2646qpm4zs6v3tklvr4jy4sukkrqr8w7","[""BTC"",""SOL""]",51.574157333333325,1724659427891,-396.36600999999996,-0.36565290839645886
286,"dydx1gy0n4x3wk7z8w5fkv498fzz8eleh9mq5j5j2kd","[""SNX"",""ALGO"",""DYM"",""INJ"",""ETH"",""ATOM"",""MKR"",""APE"",""ARB"",""TIA""]",19.860447999999998,1724659428043,-1486.6791130000001,-0.36916379886219053
287,"dydx1jymqavh8zq5s7mwpqcln5jum3h75z4ry9wtwz7","[""BTC"",""ETH""]",60.374933333333324,1724659428084,-1648.19686,-0.3844718881668715
288,"dydx1me43jk49p7cpa8przt3xnc7yzy9s8rr2twq26f","[""BTC"",""NEAR""]",0,1724659428109,-1965.561693,-0.3931520766820419
289,"dydx1uv4t7yjkpg4pscxurhswtm3y8q99hjhglwcqq8","[""BTC"",""ETH"",""SOL""]",51.81058666666666,1724659428173,-839.3721330000001,-0.3943526914648677
290,"dydx14zad8y3cj8xnf50k8797ua8d33m908ldjdmx87","[""ETH"",""BICO""]",0,1724659427899,-3690.604022,-0.40008428914496164
291,"dydx1kvkmymhv4rw58ud97a2j4d50e5e8xtygqqpsfs","[""SHIB""]",98.816,1724659428114,-2029.8414,-0.40239122537494204
292,"dydx1ydezjq58my3d0uqyh0fflpgguzacnr6nxrzwhs","[""ETH"",""SOL"",""UNI""]",541.9332869333333,1724659428202,-4170.0551,-0.4037571400557263
293,"dydx1nz8teu05mrluvamz4pkjcvknjzt078gw97fpdg","[""ETH""]",0,1724659428092,-480.9633699999995,-0.4254712431215717
294,"dydx17p4t3u4w69gwp5rrd6vru0wqsqywgqve4ppp60","[""XLM"",""XRP"",""SOL"",""ICP""]",62.22933333333333,1724659427927,-2153.9453460000004,-0.4265621509541016
295,"dydx1qu087rzca7c20cjp2kzgevrtpx9f44q26z43dx","[""APE"",""MANA"",""GRT"",""SHIB"",""ARKM"",""TIA"",""BONK"",""HBAR"",""ALGO"",""BLUR"",""EOS"",""BTC"",""ETH"",""LINK"",""MATIC"",""CRV"",""SOL"",""ADA"",""AVAX"",""FIL"",""LTC"",""DOGE"",""ATOM"",""DOT"",""UNI"",""BCH"",""NEAR"",""MKR"",""ETC"",""COMP"",""WLD"",""APT"",""ARB"",""LDO"",""OP"",""PEPE"",""SEI"",""SUI"",""XRP"",""JUP"",""AAVE"",""BNB"",""JTO"",""ORDI"",""ICP"",""WOO"",""PYTH"",""STX"",""INJ""]",5837.571628,1724659428125,-2543.574298999971,-0.427541974548662
296,"dydx1zlm0tgqpugjtlx70g6mvy96qcyezvnxqh5m3yn","[""ETH"",""BCH""]",0,1724659428235,-2803.096368,-0.4348973455236972
297,"dydx1lpv4dg608a8vq3a54kuec323vw97uz5luyfkmr","[""TURBO"",""BTC"",""TON""]",2024.0520746666664,1724659428058,-18405.259569,-0.4475449371110047
298,"dydx12txdvkd9vxvtpwfj2ttq3hal6nx9fq0yt52jhv","[""BTC"",""SOL"",""NEAR"",""WLD"",""PEPE"",""JUP"",""AAVE"",""WIF"",""TAO"",""POPCAT""]",0,1724659427871,-3029.3822809999997,-0.4528649792229851
299,"dydx10en5gmm3g4nhsk9tqmxe2xm9w47w43d83ttx88","[""BTC"",""ETH"",""SOL"",""AVAX"",""UNI"",""MKR"",""AAVE"",""ATOM"",""NEAR""]",422.6436006666666,1724659428216,-3263.211767,-0.4561562848913541
300,"dydx17vhycd0r2x79d9n84jytpjkvllv72za6da40ry","[""BLUR"",""APE"",""XLM"",""TIA"",""BTC"",""ETH"",""LINK"",""MATIC"",""CRV"",""SOL"",""ADA"",""AVAX"",""FIL"",""LTC"",""DOGE"",""ATOM"",""DOT"",""UNI"",""BCH"",""TRX"",""NEAR"",""MKR"",""ETC"",""COMP"",""WLD"",""APT"",""ARB"",""LDO"",""OP"",""SEI"",""SUI"",""XRP""]",4982586.6404732,1724659427927,-37301.595294,-0.46626630409966485
301,"dydx1yvv3rtk50qxc6c602rvg3yvd4ey4ccuduhc3cf","[""BTC"",""TRX""]",0,1724659428230,-2878.7488510000003,-0.4671854425288423
302,"dydx10d28zd4v6nrd0zpulj4hpg6wy3gp8mq0tqc6kc","[""ETH"",""PEPE""]",21.126775999999996,1724659428216,-117.857805,-0.4710429091832141
303,"dydx1jc6legn4g4gq2frq58jkguptafvrjavanf4ase","[""UNI"",""XRP"",""BNB"",""RENDER"",""TON""]",711.2390986666667,1724659428119,-29280.619330999998,-0.49216697145376503
304,"dydx1xtkrpkt5g7j8nfstrfpjnpmk7tukcjspfvhwm5","[""FIL""]",11229.557146666666,1724659428223,-2662.853347,-0.4936956334346294
305,"dydx10ur0ekc2mkcus0mphfgvf2cu2u8xfgawm08x2r","[""SOL"",""BTC""]",328.0099433333333,1724659428212,-5191.131001,-0.5019559184285503
306,"dydx1p7kn3w00p4r4padnslece9l5hwmzq8k9d89cdd","[""BTC"",""ETH"",""SOL"",""AVAX"",""DOGE"",""NEAR"",""PEPE"",""XRP"",""RENDER""]",0,1724659428144,-352.83357799999976,-0.5024171655164902
307,"dydx10z553e4nyhzec2pr27nypnzydlkp0vfdudeaqu","[""ETH"",""ATOM""]",129.80639999999997,1724659428212,-2537.5653049999964,-0.5073650107736525
308,"dydx1srudx723d2vyadn0fmmt4a4esek5w8da8yuynt","[""ETH""]",182.57626666666664,1724659428178,-5248.73309,-0.5136069944834656
309,"dydx1el4w2lc9sg6m7awr7vfa99t70u53z4m9rv2h8m","[""BTC"",""SOL"",""BLAST""]",0,1724659428034,-1010.9965750000001,-0.522067013181567
310,"dydx15huvk3g80wpyaxzqf5nx7vdvfzj9e7zgda5yw7","[""ETH"",""SOL"",""ADA"",""ATOM"",""BCH"",""NEAR"",""OP"",""PEPE"",""AAVE""]",0,1724659427848,-3237.9318270000003,-0.5260046256735526
311,"dydx1ryqadhz6hlsyhy0a46e9ryuw3j8w8ew44ya9qq","[""PEOPLE"",""SHIB"",""ETH"",""AURORA""]",51.27967999999999,1724659428134,-9090.533814000002,-0.5268817273247813
312,"dydx1huc0zhxyjzcjhkrd0xfnrw2x2dawgwhpelezwr","[""BTC"",""ETH"",""LINK"",""SOL""]",11359.7601712,1724659428018,-1335.3397350000014,-0.572351931604594
313,"dydx1gj6he4j4mz6ck23uvs7rk0sa6nx76xh9f35sgm","[""ETH""]",6.193069333333333,1724659428005,-155.07374799999997,-0.6111896957176942
314,"dydx1kt9jr2lkxw82twet79e6t6agrsjfhxnnedkug9","[""ETH""]",0,1724659428114,-1837.502493,-0.611565062047984
315,"dydx13eu2n3f9sn08hp4t2597ng6w3p4jgyaajudq6x","[""FTM"",""JUP"",""ETH"",""SOL"",""APT""]",6.581333333333333,1724659427830,-527.6361800000001,-0.6211281039395978
316,"dydx109v48rfth5dc309x9ukk2ufnsnejvkuu79867j","[""ETH""]",6.518834666666667,1724659428216,-162.51953699999999,-0.6487308248990002
317,"dydx1y89nnzgwagaj37u8xqp5spgk6rfzdlqzlwusj9","[""ETH""]",5.547088266666667,1724659428202,-164.27451200000002,-0.6568039311996089
318,"dydx102vjyxej9jr8272hrxe728weq00jhx0mqjsup4","[""PENDLE"",""PRIME"",""PEPE""]",336.584976,1724659428216,-39701.12601,-0.6571683689832009
319,"dydx1mlhlmrlz66hrn4nc3y5d9nszewr6rxwktak2kz","[""PEPE"",""ETH""]",93.16053333333332,1724659428109,-2002.128357,-0.6621291561780753
320,"dydx1gya2aw05qr85acjvzg6zx7c4umc6trr0l00kyc","[""ETH"",""DOGE""]",6.544864,1724659428043,-168.171977,-0.6676750597362056
321,"dydx1l50n6ntelksklt6s2pkw5v082dtpx2v9axjygm","[""ETH""]",6.600789333333332,1724659428114,-168.247902,-0.6716504778187069
322,"dydx1gmm6uj3w0vvxd64378y9ljsej3qpcegr2fhca6","[""ETH"",""SEI""]",464.1850666666666,1724659428005,-3599.713135,-0.6804962562799627
323,"dydx1x4xssrnaek2rhmcwfsusdcx5u8uwkxn6ww552f","[""SOL"",""TON""]",1832.4562833333332,1724659428207,-9668.600842999993,-0.6810237522733646
324,"dydx1etty9ckhmsq90acnyr5zh8tlf5wmht2u82vzkh","[""PEPE"",""ETH""]",66.56,1724659428034,-2046.873014,-0.6813625210440735
325,"dydx16ydlapf7cyhmjl86ulw5k4m33nd5vryk70csc5","[""BONK"",""SHIB"",""TIA"",""TAO"",""STRK"",""BTC"",""ETH"",""LINK"",""SOL"",""AVAX"",""DOGE"",""APT"",""ARB"",""OP"",""PEPE"",""SEI"",""SUI"",""JUP"",""AAVE"",""PYTH"",""INJ"",""WIF"",""TON"",""XRP""]",8630.252208133332,1724659427910,-32873.82851100001,-0.6886632007408521
326,"dydx1jevhw7kpyme9wy2f46358zj9trg429xh8yfmd7","[""ETH"",""BTC"",""SOL""]",426.08277333333325,1724659428119,-7577.317516,-0.7025389092051026
327,"dydx16cet035r9ak46u0gjgvuc96qalk5d97pd6xge4","[""ETH""]",0,1724659427881,-2128.332703,-0.7071041669021236
328,"dydx1erv7ez0pnfx0vfl3k5y9kxtc2p6xtsglehdevz","[""ETH""]",0,1724659428034,-2146.1387220000033,-0.714913592367278
329,"dydx1lef36d5z72kwvdtn8jjlkz6j629dnl0e50r6re","[""PENDLE"",""ETH""]",186.03413333333333,1724659428058,-60768.73149400001,-0.7186830370036248
330,"dydx1rsla20chv42mede8klu7njcjg2j8344zshfpaq","[""ETH""]",0,1724659428159,-4331.743425000001,-0.7245717077817597
331,"dydx1776hdrdnjnvdjux57mrczlls7m8lgv0zqqdt3g","[""BTC"",""ETH""]",101.68015146666666,1724659427910,-1347.369557,-0.7257312504622171
332,"dydx1g5h7l9fmd8sg0zlxst2jsqf4t4xth65zlnxu0j","[""PEPE""]",97.98314666666667,1724659428005,-2207.825649999999,-0.7343832061403301
333,"dydx1wnrfzphgdvzf8p2tf0e84gzfn7pgeue7ef0dza","[""JUP"",""PYTH"",""ZK""]",0,1724659428207,-3384.728029000001,-0.737232005817353
334,"dydx1tzwykrdszv5xlgjzc70v880a0q03j22kz0e98k","[""PEPE""]",0,1724659428167,-3454.0009099999997,-0.7547989469027763
335,"dydx1c4rv0w4l04p4zt6rvxcclthleqr5et6duyjtk9","[""BTC"",""ETH"",""SOL"",""STX""]",0,1724659427990,-2563.52252,-0.7599497937613243
336,"dydx1llk9ut7ggh3sv9q2pn2q9zjny528wgkq6l9s9v","[""SOL""]",0,1724659428058,-27.81891399999995,-0.7667780522796
337,"dydx1kz6qqssntggy2rutf45nt0xksjsvyqzt9p33mk","[""BTC"",""ETH"",""SOL""]",0,1724659428114,-3144.9591500000006,-0.7679303315841883
338,"dydx17fpu42acsjvk7wfylgqfadnf0vpfczlfkz0nnx","[""ETH"",""LINK"",""SOL"",""DOGE"",""SEI"",""ARB"",""OP"",""PEPE"",""SHIB""]",293.2995825333333,1724659427910,-7187.622997,-0.7824047120629992
339,"dydx1h4v93zu9j78n3uu3zvewj2n4amhuephaf4s03l","[""BTC"",""ETH"",""SOL"",""AVAX"",""BCH"",""NEAR"",""PEPE"",""JUP"",""WIF"",""DOGE"",""DOT"",""APE"",""SUI"",""XRP"",""RENDER"",""ZRO""]",172.64621866666664,1724659428043,-8407.871742,-0.7986946775184361
340,"dydx14xcs55nx6n3e2wh5h0zwrwjjvjewl5ejavxyk7","[""ETH"",""SOL"",""LDO""]",0,1724659427899,-7546.627322999997,-0.7996394336427108
341,"dydx1qhqeqw5faynhau8gmh8ek9nrj6asqgcmhjq0rw","[""BTC"",""ETH"",""SOL""]",0,1724659428125,-131.62478900000133,-0.7998751955694271
342,"dydx1hsjy2yvfv8rztgr4yavkv4lkcae75k6xyzfksk","[""BTC"",""ETH"",""SOL"",""ATOM"",""BNB"",""INJ"",""RUNE"",""POPCAT""]",266.42848,1724659428018,-4778.104493,-0.822724188485363
343,"dydx1em670nc5u0ua95zp9zdkrd4gmtvs8pjrhpxqcy","[""BTC""]",0,1724659428034,-6454.943722,-0.8524097022021001
344,"dydx10g76pn3ydg0pdya46f3ha5fpv59t86yyjfty8g","[""BOME"",""AVAX"",""PEPE"",""WIF""]",2675.868596,1724659428216,-5314.539011000001,-0.8733231516449315
345,"dydx164g52g8gxkjswh9rysyh450w8q87lzga5kh6dk","[""ZK"",""BTC"",""ETH"",""CRV"",""SOL"",""NEAR"",""SUI"",""AAVE"",""PEPE""]",247.9962453333333,1724659427881,-2834.515352,-0.8747603318190998
346,"dydx15cx8j7sam5qrzkrrt2tx3wv5rc8mag59w3d9cm","[""BTC"",""ETH"",""BNB""]",0,1724659427848,-1949.384279,-0.877407437183169
347,"dydx1qz7xxcx3kexgnvvcf6kv6wnc4rmhvda9ghx8k4","[""TREMP"",""BRETT"",""MOG"",""ALGO"",""POPCAT"",""EOS"",""MEW"",""CRV"",""SOL"",""TRX"",""PEPE"",""WIF"",""ICP"",""PENDLE""]",518.7248573333333,1724659428125,-7511.897537999997,-0.8846857163361861
348,"dydx1yf36v7hejtflgj5jxup40nr5npmx038ry95l36","[""BTC"",""ETH"",""WIF"",""BRETT""]",0,1724659428202,-5558.477477,-0.8858872753569309
349,"dydx1m09r9vg5kpdc0y6cgue0v0rdpnu3sz9khfnyqv","[""PEOPLE"",""ZRO"",""POPCAT"",""ETH"",""CRV"",""UNI"",""MKR"",""LDO"",""INJ"",""DYDX"",""SOL""]",92.02668773333332,1724659428109,-2025.2969390000003,-0.8862292266869397
350,"dydx185cde3k7v3u4csd4g4e2f4544upn5q32ang2ak","[""ETH""]",20.05879253333333,1724659427957,-223.127795,-0.8909985424664373
351,"dydx19vs0ys95hauyu6yejdkt59rvungn9z8zj6l8kt","[""STRK"",""ZK"",""BTC"",""ETH"",""SOL"",""AVAX"",""DOGE"",""SEI"",""MATIC"",""FIL"",""ATOM"",""UNI"",""NEAR"",""WLD"",""ARB"",""OP"",""PEPE"",""SUI"",""TIA"",""AAVE"",""ORDI"",""STX""]",1178.1951493333333,1724659427945,-67169.006161,-0.8956601039848987
352,"dydx1gfqtemp7fzd3xlcvjkme8ya08uzq84jxrra239","[""ETH"",""SOL""]",0,1724659428005,-3539.4776150000002,-0.9042287930106062
353,"dydx1j2a4d34jfudraeqcedjhl02w2yj2m0jkhyd0xh","[""ETH""]",0,1724659428018,-3940.236623,-0.9049594147297436
354,"dydx1wma9xu3pr5e4yf9eee097g23z02t4298pp0c5a","[""SOL"",""FIL""]",0,1724659428207,-2938.269359,-0.9404952100224765
355,"dydx18htt3lnkx4umlk8296xgw797c0vgrcr8sn6jha","[""TIA"",""BTC"",""ETH"",""OP"",""ADA""]",0.540208,1724659427957,-2638.850777,-0.9497772538057329
356,"dydx1hsqkjn2ap3h04qvq7pak8kgh75nlfz8ejtrnuz","[""BTC"",""SOL""]",5.5208813333333335,1724659428018,-269.83237299999973,-0.9550456873125652
357,"dydx15f7ydynffwrega69wcn7c2x4tdpr5lk75d7lrr","[""RENDER"",""BTC""]",7.403199999999999,1724659427848,-303.98701399999845,-0.962198039583975
358,"dydx1wgjkxqjjraecs5fksmwaxl6xmd4shcc2etqpep","[""BTC"",""SOL""]",3.242896,1724659428192,-174.05555299999833,-0.9725388107713203
359,"dydx1030hj4em52dcmtykjzd9utm83wy8lsw9uzg638","[""ETH"",""SOL"",""WIF""]",4469.9312684,1724659428216,-193849.081049,-0.9733625605183374
360,"dydx1qkeas2psmdhvyf95uw0g5u35lxkcvx96j6geg6","[""WLD""]",0,1724659428125,-418.13216499999976,-0.9810211964611733
361,"dydx13n8qjqguj4auxdq55s0lquq99z9qrhrc3ml86e","[""LINK""]",14.933706666666664,1724659427830,-569.185479,-0.9810679105638158
362,"dydx1z444uj46nh4grg3e8rysp8dmjtwj22u90dps49","[""MOG"",""PEPE""]",17.99141333333333,1724659428230,-14213.800058,-0.9855805804838833
363,"dydx1fly43mwje54x7d7tud9a469c8k2enzpyn997n6","[""BTC"",""ETH""]",42.85333333333333,1724659428013,-1307.3542269999998,-0.9901326374620699
364,"dydx1w8d3qzp7ljdldn38lwy4alqcxlq075qtfpnmzm","[""BTC""]",0,1724659428192,-1552.13627,-0.9914388132293412
365,"dydx1d6lqjt29d3es8kwvw6gam4gd4p4qaun2h9pz3d","[""BTC""]",0,1724659427982,-14589.259499,-0.991668453083681
366,"dydx1k456rvj276kqlvw77ddutfwtt8e5qe52272trq","[""BNB"",""RENDER""]",0,1724659428084,-2511.612198,-0.992048578874127
367,"dydx158ag8hhug43c7zaas23xn5upjnf9qyy4d92vsc","[""RENDER""]",14.613333333333333,1724659427848,-5632.360905999998,-0.9929683277118025
368,"dydx1d4t5ef7e6zu3kurjtx2vlfz2yqtpkmakyxynww","[""ETH""]",295.6543573333333,1724659427982,-2135.571112,-0.9953852757873001
369,"dydx1kg5z085kfx7x032hestz7vxvqz8yp4dszqkywj","[""BTC"",""ETH"",""ATOM"",""PEPE""]",0,1724659428084,-2182.024888,-0.9968191498268469
370,"dydx1v85y8wrxer4petsl6l5kw5ml97p2ccy439sf9e","[""BTC"",""ETH"",""SOL""]",53.332,1724659428185,-71153.252023,-0.9975950283156007
371,"dydx1mspctr0swkcpgn9lfxw9hfk7rw76grf6dudu0g","[""BTC"",""ETH""]",0,1724659428070,-1298.9703919999993,-0.9975980087889231
372,"dydx1jg7jffn56wtft2zxhwgdc3jw03f2audk7sp8es","[""ETH""]",159.99576746666665,1724659428119,-5940.931506,-0.9983391075478488
373,"dydx1rg6uc4lsn5js585qkhnwyn85l0606nn6pl8525","[""MANA"",""ALT"",""ETH"",""WLD"",""AAVE"",""RENDER""]",650.1657232,1724659428159,-6234.837416999999,-0.9985464479393704
374,"dydx1ckjdu8xntrwhdeepmpp7r6l6uv3gduez0fgh6s","[""BTC""]",15480.016551999997,1724659427970,-9639.602392,-0.99873263661403
375,"dydx1nx2kz68r6gpk3pwqhxmm8zdc04qqx73lllvn3q","[""BTC"",""SOL""]",53.839999999999996,1724659428092,-1993.6929130000008,-0.9994711672325342
376,"dydx1gejtrgan907lz6cg9szq7ckslylst7tujxq5ah","[""ETH"",""STX"",""SOL""]",29.2304,1724659428005,-2132.2115159999994,-0.9998099869553634
377,"dydx1extq3d3x6gelzntdel5dz634qyn3ahc5k42g7p","[""BTC"",""ETH"",""SOL"",""MKR""]",843.5718558666665,1724659428034,-9774.550836,-0.9998729162967009
378,"dydx1fm4acuhhyay75yx3femuxtadqr9rd2jykf9vry","[""ETH""]",16.488,1724659428013,-29738.09597,-0.9999138919153585
379,"dydx1jrn3erv9khfzye9j63av59ct8ydm44urhafskd","[""BTC"",""SOL"",""ETH"",""DOGE"",""SHIB"",""RENDER""]",51.388666666666666,1724659428119,-14013.561795999995,-0.9999248944728595
380,"dydx1pv6dzg6fwkgw9sx6xtj3hf7ergulqpvv2w7wgx","[""BTC"",""ETH"",""BCH"",""MEW""]",518.2102895999999,1724659428099,-5869.548603,-0.9999450541599691
381,"dydx16hl7fra4vugwl4cj092869f7g3c03mqrdz0mvm","[""BTC"",""ETH"",""SOL""]",0,1724659427881,-3992.023232,-1
381,"dydx1vjyp7ephaynvntwh07glx6t7x8mg9n6f9zr9ma","[""LINK""]",0,1724659428185,-7760.909501,-1
381,"dydx17prfnma62emnlketsgctud8u6sx73t965a7yl6","[""BTC"",""LINK"",""MATIC"",""SOL"",""ATOM"",""NEAR"",""SUI"",""ICP"",""ETH"",""ADA"",""AVAX"",""DOT"",""BCH"",""XRP"",""TIA"",""AAVE"",""STX""]",457.90549999999996,1724659427927,-13461.659506,-1
381,"dydx1urfsyynr0fwdg3rgjqe0mjwgygcknyrxp9xsa2","[""ETH""]",0,1724659428173,-5862.68866,-1
382,"dydx1yjnfegef73qjmnejvf3cn730z4962evqmlyzu8","[""BONK"",""KAS"",""XMR"",""SOL"",""LTC"",""WLD"",""PEPE"",""BTC"",""ETH"",""MOG""]",425.6311146666667,1724659428202,-6853.3966550000005,-1.0000000000000002
382,"dydx1mduzz2fqnvsnc8pwqkfc4ky65aatrypu0aszqy","[""BTC"",""ETH"",""SOL"",""UNI"",""MKR"",""TON""]",514.7552,1724659428109,-14820.764827,-1.0000000000000002